ID,RA,DEC,Z,Type,measwave,restwave,student_id,velocity,distance,Element
spec-0270-51909-0481.fits,152.82447,0.44239733,0.01202,Sp,661.7,653.8,1,3604,51,H-alpha
spec-1436-53054-0233.fits,164.40469,45.634418,0.042683,E,580.8,557,1,12796,183,H-alpha
spec-0510-52381-0010.fits,169.6189,1.6640117,0.022772,Ir,752.6,735.8,1,6827,98,H-alpha
spec-0273-51957-0622.fits,159.23906,0.22972839,0.029224,Sp,666.6,647.7,1,8761,125,H-alpha
spec-2655-54184-0145.fits,180.54513,24.300301,0.043896,E,676.8,648.3,1,13160,188,H-alpha
