name,ra,decl,z,type,measwave,restwave,student_id,velocity,angular_size,distance,element
spec-0270-51909-0481,152.82447,0.44239733,0.01202,Sp,6617,6563,1,3564,119,79,H-alpha
spec-1436-53054-0233,164.40469,45.634418,0.042683,E,5808,5177,1,12677,34,128,Mg-I
spec-0510-52381-0010,169.6189,1.6640117,0.022772,Ir,7526,6563,1,6763,63,514,H-alpha
spec-0273-51957-0622,159.23906,0.22972839,0.029224,Sp,6666,6563,1,8855,50,225,H-alpha
spec-2655-54184-0145,180.54513,24.300301,0.043896,E,6768,5177,1,13037,33,169,Mg-I